Идентификатор,Сотрудники 2019_2020
375648,15
375575,15
375534,15
375320,15
375119,15
374781,15
374697,15
374682,15
374680,15
374622,15
374539,15
374507,15
373960,15
373550,15
373460,15
373243,15
373148,15
373002,15
372953,15
372899,15
372763,15
372717,15
372137,15
371906,15
371663,15
371475,15
371278,15
371163,15
371134,15
371085,15
370904,15
370748,15
370727,15
370528,15
370438,15
369387,15
369291,15
368748,15
368495,15
368408,15
368331,15
368203,15
367815,15
367809,15
367459,15
367422,15
367401,15
367396,15
367027,15
366752,15
366713,15
366654,15
366257,15
365952,15
365888,15
365788,15
365739,15
365695,15
365272,15
364910,15
364887,15
364802,15
364541,15
363677,15
363378,15
363197,15
363076,15
362837,15
362657,15
362446,15
362431,15
362385,15
362381,15
362159,15
361687,15
361663,15
361647,15
361519,15
361468,15
361450,15
361397,15
361291,15
360601,15
360468,15
360088,15
359973,15
359798,15
359780,15
359595,15
359511,15
359439,15
359312,15
358522,15
358495,15
358190,15
358114,15
357933,15
357921,15
357558,15
357317,15
357135,15
356977,15
356953,15
356448,15
356374,15
356209,15
356086,15
355728,15
355687,15
355573,15
354989,15
354337,15
354006,15
353765,15
353384,15
352580,15
351864,15
351861,15
351810,15
351244,15
350511,15
349897,15
348660,15
347785,15
347725,15
347474,15
346952,15
346823,15
346634,15
346617,15
346448,15
346112,15
346086,15
345960,15
345826,15
345775,15
345595,15
345292,15
345069,15
344494,15
344361,15
344319,15
343883,15
343826,15
343601,15
343445,15
343397,15
343236,15
343223,15
343104,15
342930,15
342586,15
342405,15
342395,15
342232,15
341910,15
341633,15
341545,15
341110,15
341078,15
340884,15
340760,15
340320,15
339883,15
339520,15
339481,15
339229,15
339159,15
338649,15
338544,15
338307,15
338129,15
337733,15
337623,15
337364,15
337308,15
332228,15
332210,15
331901,15
331556,15
331506,15
331200,15
330822,15
330324,15
330057,15
329857,15
329806,15
329722,15
329318,15
329295,15
329233,15
329190,15
329057,15
328956,15
328896,15
328417,15
327915,15
327387,15
326750,15
326019,15
325939,15
325411,15
325381,15
325356,15
325291,15
325269,15
325265,15
324582,15
323682,15
323510,15
323221,15
320603,15
319949,15
319803,15
319623,15
319206,15
319036,15
317850,15
317732,15
317003,15
314457,15
314270,15
314174,15
313609,15
313515,15
313233,15
312663,15
311804,15
311614,15
311496,15
311454,15
311255,15
311182,15
311102,15
310517,15
310480,15
310434,15
310406,15
310376,15
310328,15
309723,15
309552,15
309513,15
309450,15
309298,15
309091,15
309011,15
308918,15
308582,15
307972,15
307019,15
306042,15
305931,15
305668,15
305436,15
305271,15
304234,15
304118,15
304108,15
303790,15
303656,15
303166,15
302923,15
302875,15
302842,15
302645,15
302601,15
302367,15
301839,15
301467,15
300337,15
299746,15
298956,15
298919,15
298687,15
297962,15
296801,15
296357,15
296321,15
296292,15
295403,15
294855,15
294683,15
294314,15
294084,15
292792,15
291988,15
291693,15
291673,15
290483,15
290287,15
289791,15
289334,15
289327,15
289171,15
289152,15
288817,15
288706,15
288652,15
288452,15
288065,15
287549,15
286939,15
286754,15
286503,15
286125,15
286104,15
284862,15
284804,15
284796,15
284610,15
284606,15
283932,15
283690,15
283564,15
283324,15
283290,15
283223,15
283119,15
282660,15
282067,15
281998,15
281937,15
281847,15
281784,15
281624,15
281372,15
281348,15
281060,15
280453,15
280447,15
280138,15
279733,15
279708,15
279166,15
277840,15
277624,15
276931,15
276882,15
276160,15
275595,15
274954,15
274775,15
274461,15
274001,15
273811,15
273730,15
273576,15
272279,15
271600,15
271515,15
269833,15
268737,15
268308,15
267938,15
266656,15
266019,15
263387,15
263245,15
261826,15
261140,15
259806,15
259641,15
259245,15
258322,15
257343,15
256442,15
256172,15
256129,15
255770,15
255505,15
255196,15
255141,15
254237,15
254020,15
253132,15
252702,15
251835,15
250251,15
249816,15
249426,15
247258,15
247187,15
244986,15
243973,15
242944,15
242769,15
241305,15
241032,15
240252,15
239194,15
234821,15
234319,15
234063,15
233097,15
232587,15
231598,15
230330,15
230244,15
230129,15
229484,15
229129,15
228653,15
226954,15
226799,15
226107,15
225762,15
225453,15
223796,15
221784,15
221718,15
221483,15
221477,15
221167,15
220730,15
218981,15
218420,15
217621,15
217143,15
215920,15
214238,15
213854,15
213308,15
213183,15
212610,15
212075,15
210684,15
210164,15
210159,15
209065,15
208764,15
208244,15
206966,15
206881,15
206298,15
205809,15
204569,15
203842,15
203440,15
202672,15
202588,15
202506,15
201567,15
201157,15
200633,15
198925,15
198734,15
197322,15
197205,15
197172,15
194453,15
193740,15
193514,15
193309,15
192795,15
190895,15
190248,15
189869,15
189861,15
189675,15
187551,15
187112,15
186965,15
186940,15
186428,15
186385,15
186359,15
185876,15
182139,15
181029,15
175974,15
175506,15
173979,15
173770,15
171451,15
170938,15
170820,15
170448,15
170144,15
167500,15
167497,15
167064,15
166885,15
166884,15
166509,15
165071,15
163518,15
160045,15
158008,15
157401,15
157107,15
156361,15
156001,15
154657,15
153765,15
153605,15
153445,15
152882,15
152422,15
152160,15
151791,15
151635,15
150865,15
150427,15
149256,15
149089,15
148146,15
145568,15
145299,15
144643,15
142938,15
142602,15
139914,15
136117,15
133507,15
129686,15
128934,15
127456,15
124624,15
119554,15
115487,15
110612,15
109821,15
107037,15
105439,15
105228,15
97526,15
97160,15
92509,15
91156,15
82871,15
81395,15
81075,15
79718,15
77870,15
76959,15
74979,15
73308,15
73119,15
69828,15
69468,15
69298,15
58473,15
29793,15
29612,15
29589,15
29555,15
29548,15
29485,15
29432,15
29419,15
29377,15
29338,15
29336,15
29317,15
29310,15
29263,15
29188,15
29160,15
29116,15
29095,15
29061,15
29060,15
29048,15
29034,15
29009,15
29002,15
28970,15
28967,15
28756,15
28657,15
28583,15
28577,15
28550,15
28532,15
27945,15
27883,15
27657,15
27655,15
27598,15
27577,15
27569,15
27424,15
27399,15
27353,15
27207,15
27120,15
26932,15
26843,15
26707,15
26681,15
26271,15
26215,15
26171,15
26159,15
26028,15
26000,15
25962,15
25938,15
25850,15
25805,15
25276,15
25008,15
24937,15
24746,15
24691,15
24679,15
24642,15
24437,15
24327,15
23758,15
23666,15
23590,15
23579,15
23577,15
23550,15
23429,15
23141,15
23107,15
22989,15
22427,15
22363,15
22175,15
22063,15
22029,15
21518,15
21491,15
21488,15
21481,15
21406,15
21291,15
21199,15
20927,15
20792,15
20719,15
20210,15
20146,15
19899,15
19733,15
19729,15
375954,16
375581,16
375536,16
375396,16
375017,16
374795,16
374718,16
374451,16
374074,16
373800,16
373545,16
373513,16
373483,16
373336,16
373100,16
373052,16
372849,16
372793,16
371388,16
371208,16
371181,16
370690,16
370305,16
370288,16
369381,16
369352,16
368799,16
367978,16
367959,16
367841,16
367787,16
367712,16
367696,16
367463,16
367320,16
367259,16
366801,16
366606,16
366570,16
365882,16
365875,16
365843,16
365835,16
365742,16
364989,16
364900,16
364745,16
364478,16
362981,16
362551,16
362439,16
362398,16
361458,16
360987,16
360738,16
360704,16
360479,16
360456,16
360302,16
360202,16
359560,16
359502,16
359399,16
359365,16
359084,16
358883,16
358788,16
358783,16
358730,16
358654,16
358514,16
358318,16
358025,16
357943,16
357068,16
357066,16
356743,16
356732,16
356568,16
356429,16
355926,16
355851,16
355832,16
355758,16
355572,16
355281,16
354735,16
354559,16
354344,16
354336,16
354086,16
353338,16
353149,16
353123,16
353019,16
352966,16
352784,16
352602,16
351804,16
351774,16
351745,16
350433,16
349955,16
349792,16
349566,16
349422,16
349004,16
348469,16
347831,16
347802,16
347337,16
347325,16
346902,16
346880,16
346673,16
346655,16
346636,16
346264,16
345952,16
345927,16
345759,16
345191,16
345154,16
345009,16
344895,16
344853,16
344620,16
343875,16
343719,16
343472,16
343208,16
343118,16
343097,16
342679,16
342650,16
342501,16
341724,16
341534,16
341444,16
341223,16
341137,16
341004,16
340515,16
340386,16
340167,16
340100,16
340096,16
340038,16
339998,16
339542,16
339282,16
339278,16
338663,16
338655,16
338595,16
338589,16
338406,16
338320,16
338015,16
337913,16
337861,16
337819,16
337720,16
332332,16
332121,16
332103,16
331620,16
331458,16
331170,16
330974,16
330320,16
329881,16
329803,16
329574,16
329325,16
329261,16
328344,16
328092,16
327825,16
327303,16
326605,16
326590,16
326558,16
325873,16
325823,16
325231,16
324680,16
323375,16
322893,16
322778,16
320738,16
319110,16
318935,16
318832,16
318495,16
317934,16
317530,16
317495,16
317358,16
316878,16
316696,16
316601,16
316325,16
315809,16
315518,16
315470,16
314260,16
313760,16
313742,16
313465,16
312218,16
311591,16
311547,16
311407,16
311317,16
311281,16
311167,16
311166,16
310870,16
310626,16
310437,16
310365,16
310188,16
309636,16
309571,16
309115,16
309073,16
308866,16
308630,16
308581,16
308436,16
308000,16
307091,16
306607,16
306483,16
306135,16
306078,16
306074,16
305998,16
305993,16
305265,16
304924,16
304810,16
304565,16
304080,16
303435,16
303240,16
303179,16
303022,16
302640,16
302632,16
302215,16
301466,16
300620,16
300175,16
299290,16
299214,16
298397,16
298352,16
298163,16
297160,16
297087,16
296932,16
295640,16
295277,16
294636,16
294349,16
293979,16
293540,16
293435,16
292583,16
292312,16
291787,16
291779,16
291574,16
291357,16
291265,16
290843,16
290326,16
290300,16
289874,16
289486,16
289264,16
288637,16
288532,16
288496,16
288453,16
288302,16
287865,16
287548,16
287140,16
286865,16
286346,16
286142,16
285200,16
285133,16
284279,16
283964,16
283548,16
283543,16
283024,16
282854,16
282578,16
282420,16
282120,16
280607,16
280275,16
279950,16
279791,16
279410,16
278598,16
278482,16
278246,16
277234,16
276369,16
276151,16
276105,16
275240,16
275234,16
274953,16
274846,16
273779,16
272635,16
272248,16
271839,16
271793,16
271106,16
271016,16
270855,16
270769,16
270461,16
270290,16
269529,16
267657,16
267201,16
266930,16
266020,16
265833,16
264719,16
263174,16
263079,16
262057,16
262030,16
260852,16
260815,16
260793,16
259191,16
259016,16
259013,16
256994,16
256423,16
256404,16
256301,16
255674,16
255233,16
255219,16
254588,16
254394,16
253803,16
252184,16
250955,16
250909,16
250659,16
250339,16
247586,16
247042,16
246011,16
244870,16
244808,16
242922,16
242794,16
242054,16
240357,16
238248,16
234658,16
233766,16
232966,16
231907,16
231833,16
231246,16
230444,16
227754,16
226414,16
225729,16
225302,16
225084,16
224866,16
223293,16
221983,16
221455,16
221342,16
220768,16
220572,16
219385,16
219032,16
219001,16
218393,16
217899,16
215843,16
215720,16
215587,16
213635,16
213573,16
213288,16
211192,16
210907,16
210081,16
209920,16
208969,16
208599,16
206911,16
206188,16
206107,16
206019,16
204753,16
203995,16
203421,16
201275,16
200142,16
198137,16
198076,16
197686,16
197416,16
196013,16
195590,16
195077,16
194982,16
194709,16
194537,16
194435,16
193033,16
192720,16
190950,16
190840,16
189519,16
189498,16
189466,16
188578,16
188537,16
187503,16
186541,16
186100,16
184734,16
183018,16
181725,16
181691,16
178906,16
178664,16
178431,16
178387,16
178379,16
178260,16
178204,16
175143,16
174432,16
174311,16
174088,16
173595,16
172511,16
172394,16
172247,16
171154,16
170767,16
170701,16
169736,16
169707,16
169602,16
168898,16
168540,16
168344,16
167926,16
166809,16
165000,16
163999,16
162939,16
162573,16
159857,16
158485,16
158341,16
158087,16
157407,16
155099,16
154822,16
154372,16
153729,16
153357,16
153315,16
152717,16
152548,16
152133,16
152120,16
151822,16
151709,16
150894,16
150834,16
150819,16
150705,16
149858,16
149105,16
148899,16
148734,16
145283,16
144425,16
143839,16
143142,16
142880,16
142207,16
141197,16
140000,16
137704,16
136513,16
136355,16
134558,16
129986,16
129717,16
128768,16
127410,16
126355,16
124259,16
124241,16
99022,16
92468,16
89022,16
88167,16
86128,16
85399,16
85393,16
83950,16
83921,16
82807,16
81173,16
81166,16
81072,16
80913,16
80638,16
77651,16
77314,16
76888,16
75148,16
72092,16
71567,16
71181,16
70281,16
69926,16
59397,16
59356,16
52556,16
29597,16
29587,16
29403,16
29326,16
29321,16
29277,16
29185,16
29118,16
29068,16
29067,16
29050,16
28988,16
28858,16
28835,16
28830,16
28811,16
28692,16
28629,16
28623,16
28603,16
28591,16
28569,16
28376,16
28205,16
27989,16
27950,16
27939,16
27847,16
27640,16
27622,16
27616,16
27580,16
27571,16
27518,16
27513,16
27488,16
27483,16
27352,16
27239,16
27219,16
27209,16
27092,16
26865,16
26725,16
26093,16
26056,16
26024,16
26021,16
26005,16
25989,16
25977,16
25968,16
25945,16
25551,16
25290,16
25007,16
25003,16
24715,16
24698,16
24227,16
24211,16
24126,16
24013,16
23855,16
23548,16
23546,16
23514,16
23413,16
23396,16
23378,16
23368,16
23326,16
23298,16
23047,16
22933,16
22652,16
22648,16
22644,16
22535,16
22380,16
22255,16
22211,16
21950,16
21739,16
21585,16
21539,16
21431,16
21419,16
21368,16
21366,16
21094,16
21073,16
20815,16
20419,16
20182,16
20044,16
19912,16
19813,16
19688,16
19681,16
19647,16
375956,17
375591,17
375351,17
375290,17
374801,17
374614,17
374582,17
374566,17
374366,17
374247,17
374079,17
373994,17
373801,17
373319,17
373185,17
372948,17
372935,17
372558,17
372513,17
372074,17
371384,17
371319,17
371276,17
371197,17
371053,17
370919,17
370863,17
370525,17
370111,17
369999,17
369635,17
369184,17
369074,17
368774,17
368723,17
368704,17
368323,17
368305,17
368232,17
368207,17
367563,17
367441,17
367053,17
366997,17
366972,17
366818,17
366812,17
366580,17
365892,17
365834,17
365784,17
365725,17
365656,17
365645,17
365221,17
365073,17
364889,17
363651,17
363601,17
363088,17
363086,17
363049,17
362674,17
362667,17
362572,17
362566,17
362546,17
362436,17
362395,17
362358,17
362316,17
361588,17
361538,17
361246,17
361127,17
361040,17
361023,17
360893,17
360481,17
360111,17
359444,17
359410,17
359385,17
359295,17
359133,17
359129,17
358947,17
358593,17
357889,17
357858,17
357498,17
357309,17
357007,17
356856,17
356797,17
356670,17
356193,17
356172,17
355902,17
354950,17
354614,17
354517,17
353828,17
353707,17
353618,17
353316,17
353126,17
353097,17
353060,17
352942,17
352904,17
352847,17
351899,17
351522,17
351416,17
351021,17
350757,17
349843,17
349397,17
349199,17
349107,17
348792,17
348342,17
347921,17
347887,17
347740,17
347602,17
347546,17
347499,17
347319,17
346999,17
346726,17
346551,17
346484,17
346473,17
346268,17
346218,17
345797,17
345491,17
345169,17
345070,17
344836,17
344682,17
344291,17
344153,17
344107,17
344041,17
343916,17
343114,17
342933,17
342917,17
342389,17
342325,17
342323,17
342297,17
342291,17
341953,17
340525,17
340490,17
339897,17
339724,17
339565,17
339550,17
339316,17
339293,17
338994,17
338943,17
338924,17
338693,17
338396,17
337686,17
337371,17
337320,17
331809,17
331640,17
331202,17
331155,17
330536,17
329770,17
329320,17
329139,17
328989,17
328789,17
328512,17
326904,17
326805,17
326772,17
326274,17
325610,17
325575,17
325509,17
324917,17
324851,17
324346,17
324336,17
324083,17
322298,17
321366,17
319480,17
319378,17
318492,17
318377,17
317773,17
316928,17
316492,17
315787,17
315713,17
315008,17
314716,17
314669,17
314660,17
314547,17
313883,17
312843,17
312279,17
311914,17
311489,17
311333,17
311271,17
311270,17
311107,17
310862,17
310667,17
310560,17
310441,17
310424,17
310421,17
310325,17
310233,17
310080,17
309812,17
309544,17
309395,17
309264,17
309150,17
309138,17
308943,17
308827,17
308541,17
308360,17
308230,17
308209,17
308028,17
307386,17
306517,17
306229,17
305735,17
305599,17
305400,17
305369,17
305184,17
304900,17
304688,17
304619,17
304184,17
304138,17
303966,17
303928,17
303518,17
303003,17
302793,17
302594,17
302012,17
298857,17
298149,17
298022,17
297903,17
297826,17
297265,17
297255,17
297247,17
296554,17
296309,17
296067,17
295821,17
295764,17
295760,17
295529,17
295484,17
294701,17
294435,17
293129,17
291919,17
291235,17
290746,17
290264,17
289985,17
289956,17
289604,17
289512,17
289127,17
288994,17
288355,17
288349,17
288221,17
288004,17
286773,17
286243,17
286241,17
286146,17
285157,17
285155,17
284979,17
284898,17
284475,17
284326,17
284315,17
283767,17
283336,17
283171,17
282508,17
282109,17
281636,17
281273,17
281035,17
280945,17
280407,17
279670,17
278526,17
278427,17
278006,17
277311,17
277009,17
276895,17
276710,17
276389,17
275889,17
275502,17
275231,17
274977,17
274796,17
274726,17
273559,17
273327,17
272919,17
272482,17
272115,17
271850,17
270859,17
270737,17
269896,17
269474,17
268540,17
268145,17
267786,17
266387,17
265815,17
265191,17
264447,17
264113,17
264081,17
264055,17
263767,17
262952,17
261606,17
261316,17
260123,17
258921,17
258284,17
257467,17
257354,17
256689,17
256539,17
256419,17
256303,17
256100,17
255817,17
255347,17
253938,17
253465,17
253125,17
252890,17
252364,17
252329,17
252296,17
252015,17
251660,17
250262,17
249927,17
249623,17
248982,17
248534,17
247636,17
246977,17
246803,17
246306,17
241590,17
240561,17
240441,17
239265,17
237724,17
237719,17
236696,17
235260,17
233872,17
233229,17
231324,17
229526,17
227977,17
227659,17
227553,17
227521,17
225869,17
225098,17
225018,17
224768,17
223919,17
222836,17
222708,17
222215,17
221583,17
220209,17
219135,17
219068,17
215947,17
215850,17
213348,17
213329,17
213181,17
212415,17
211096,17
208757,17
208239,17
206756,17
206594,17
204144,17
203952,17
203942,17
202670,17
202609,17
201014,17
200582,17
199532,17
198453,17
198263,17
197834,17
197405,17
196660,17
196277,17
195060,17
194570,17
193731,17
192968,17
192313,17
191317,17
190988,17
190124,17
189560,17
189502,17
187687,17
185393,17
184740,17
183876,17
182593,17
180826,17
179107,17
178904,17
178858,17
177490,17
176328,17
176012,17
175732,17
174764,17
174447,17
173826,17
172680,17
171293,17
171089,17
171029,17
170897,17
170421,17
170269,17
169895,17
169338,17
167394,17
167328,17
163993,17
163391,17
162883,17
162835,17
162506,17
161264,17
160984,17
160646,17
158753,17
158540,17
157662,17
156592,17
155942,17
155150,17
154506,17
153976,17
153475,17
153425,17
153369,17
152465,17
152190,17
152119,17
152058,17
150892,17
150836,17
150198,17
148419,17
148305,17
147261,17
146589,17
145743,17
145332,17
145223,17
142991,17
142597,17
141574,17
141464,17
141266,17
141036,17
140423,17
139769,17
137142,17
136091,17
133151,17
129109,17
125541,17
124778,17
124103,17
119630,17
119614,17
107373,17
107314,17
100958,17
99767,17
96142,17
95406,17
92151,17
91367,17
91251,17
89416,17
89065,17
83891,17
83865,17
83744,17
83254,17
82991,17
82808,17
82615,17
81579,17
81258,17
73570,17
73307,17
72498,17
71665,17
70238,17
70015,17
69854,17
69829,17
69579,17
53083,17
29857,17
29844,17
29749,17
29676,17
29629,17
29482,17
29474,17
29449,17
29438,17
29368,17
29349,17
29318,17
29241,17
29235,17
29232,17
29225,17
29166,17
29162,17
29062,17
29045,17
29021,17
28933,17
28827,17
28809,17
28786,17
28655,17
28584,17
28562,17
28356,17
27927,17
27780,17
27749,17
27669,17
27605,17
27601,17
27549,17
27469,17
27448,17
27260,17
27128,17
27025,17
26983,17
26929,17
26895,17
26846,17
26815,17
26572,17
26323,17
26301,17
26006,17
25904,17
25803,17
25458,17
25397,17
24646,17
24627,17
24446,17
24387,17
23851,17
23734,17
23716,17
23695,17
23685,17
23669,17
23559,17
23419,17
23336,17
23172,17
23050,17
22383,17
21782,17
21622,17
21535,17
21448,17
21377,17
21190,17
20821,17
20653,17
20521,17
20449,17
20336,17
20284,17
19883,17
19831,17
19746,17
19677,17
19643,17
375654,18
375409,18
375154,18
374714,18
374634,18
374072,18
374023,18
374001,18
373936,18
373925,18
373916,18
373068,18
372837,18
372331,18
371868,18
371479,18
370811,18
370734,18
370733,18
369965,18
369406,18
369392,18
369382,18
369358,18
369078,18
368828,18
368424,18
368286,18
367738,18
367475,18
367277,18
366917,18
366679,18
366572,18
365880,18
365750,18
365692,18
365315,18
365140,18
364894,18
364787,18
364140,18
362568,18
362479,18
362473,18
362468,18
361312,18
361140,18
360413,18
360269,18
360045,18
359448,18
359437,18
359436,18
359323,18
359138,18
358843,18
358793,18
358648,18
358577,18
358555,18
358532,18
358174,18
358172,18
357890,18
357869,18
357629,18
357379,18
357320,18
356903,18
356864,18
356859,18
356767,18
356298,18
356003,18
355931,18
355719,18
355378,18
355293,18
354746,18
354593,18
354279,18
354183,18
353991,18
353953,18
353902,18
353696,18
353538,18
353516,18
352431,18
352371,18
352343,18
351923,18
351619,18
350727,18
350689,18
350422,18
350292,18
350058,18
349234,18
348752,18
348593,18
348446,18
347975,18
347914,18
347388,18
346319,18
346119,18
345727,18
345583,18
345318,18
345262,18
344248,18
343937,18
343902,18
343798,18
343735,18
343622,18
343301,18
342506,18
342402,18
341338,18
340055,18
339485,18
339268,18
339090,18
338926,18
338602,18
337681,18
337512,18
337462,18
337218,18
332392,18
331752,18
331541,18
331338,18
330561,18
330230,18
329651,18
329617,18
329476,18
328691,18
328053,18
326886,18
326673,18
326564,18
326525,18
325264,18
325238,18
325233,18
324885,18
324438,18
324205,18
323595,18
322842,18
322804,18
322487,18
322274,18
321238,18
319577,18
319380,18
318871,18
318816,18
318247,18
318226,18
318036,18
317881,18
317534,18
316929,18
316620,18
316520,18
316030,18
315377,18
314845,18
314837,18
314512,18
313563,18
312003,18
311954,18
311919,18
311687,18
311065,18
311000,18
310777,18
310477,18
310430,18
310269,18
310255,18
310169,18
309969,18
309543,18
308871,18
308623,18
308584,18
307779,18
307665,18
307497,18
307388,18
307207,18
306548,18
306484,18
306220,18
305564,18
305257,18
304563,18
304365,18
303509,18
302895,18
302871,18
302387,18
302196,18
302168,18
301927,18
301711,18
299646,18
299447,18
299362,18
297796,18
297605,18
297465,18
296942,18
296630,18
296167,18
296073,18
296031,18
295990,18
295445,18
295223,18
294127,18
293592,18
293177,18
293073,18
292719,18
292511,18
291567,18
291562,18
291400,18
290905,18
290620,18
290519,18
290416,18
289565,18
288939,18
288539,18
288412,18
288186,18
287814,18
286650,18
286471,18
286386,18
285646,18
285218,18
285175,18
285136,18
285027,18
284458,18
284194,18
284140,18
283644,18
283109,18
282205,18
282174,18
282133,18
282040,18
279920,18
279206,18
279155,18
278878,18
278445,18
278341,18
278158,18
278066,18
277739,18
277340,18
276035,18
275710,18
275638,18
275396,18
275075,18
274029,18
273821,18
273560,18
272145,18
272136,18
271858,18
271707,18
271437,18
269531,18
269519,18
269471,18
269260,18
268955,18
268148,18
267780,18
267446,18
267046,18
267039,18
266644,18
266596,18
266031,18
264876,18
264606,18
263303,18
262548,18
262016,18
261761,18
259715,18
259605,18
259253,18
258749,18
257754,18
257351,18
257346,18
256169,18
255460,18
255259,18
255060,18
254832,18
253186,18
252448,18
251299,18
251220,18
247621,18
247368,18
247357,18
244067,18
242816,18
242770,18
242693,18
242569,18
237675,18
237176,18
236565,18
233311,18
232807,18
229390,18
228569,18
228268,18
227425,18
227062,18
226846,18
226227,18
225551,18
222935,18
222449,18
219013,18
218358,18
217681,18
215955,18
214623,18
214217,18
213519,18
213284,18
212613,18
212594,18
211263,18
210200,18
210046,18
209321,18
209016,18
207922,18
207509,18
207413,18
206341,18
204844,18
204472,18
203850,18
203606,18
203058,18
202953,18
202752,18
202562,18
201345,18
201284,18
200977,18
200822,18
199632,18
199239,18
198393,18
198205,18
198093,18
197399,18
197342,18
197319,18
195644,18
195098,18
194979,18
194664,18
194432,18
193733,18
193041,18
192865,18
191736,18
191256,18
189692,18
189639,18
189563,18
188403,18
188046,18
187094,18
186731,18
185893,18
185873,18
185064,18
181383,18
181036,18
180425,18
176121,18
175550,18
175489,18
175273,18
174235,18
174006,18
173883,18
173617,18
173271,18
172231,18
171750,18
169297,18
167593,18
167436,18
167303,18
167277,18
167179,18
167063,18
165675,18
162858,18
162521,18
162065,18
161271,18
158806,18
156868,18
156593,18
156314,18
155735,18
155516,18
155412,18
154267,18
152969,18
152469,18
152179,18
152176,18
151820,18
150721,18
150702,18
150684,18
149982,18
148928,18
148323,18
145227,18
144427,18
143266,18
139488,18
139001,18
138382,18
136550,18
136351,18
128606,18
127987,18
127634,18
114319,18
112178,18
107496,18
106261,18
106095,18
102229,18
88205,18
88071,18
87779,18
87660,18
83390,18
79667,18
74902,18
74687,18
73387,18
72656,18
72172,18
69749,18
59301,18
59168,18
58937,18
29667,18
29606,18
29536,18
29473,18
29462,18
29380,18
29376,18
29362,18
29159,18
29122,18
29119,18
29079,18
29036,18
29019,18
28983,18
28975,18
28965,18
28829,18
28796,18
28758,18
28720,18
28630,18
28594,18
28479,18
28314,18
28015,18
27624,18
27582,18
27547,18
27468,18
27345,18
27304,18
27198,18
27095,18
27073,18
27010,18
26685,18
26678,18
26555,18
26267,18
26208,18
26042,18
26040,18
26015,18
25934,18
25755,18
25119,18
24653,18
24635,18
24093,18
23911,18
23888,18
23784,18
23720,18
23589,18
23551,18
23420,18
23357,18
23287,18
23275,18
22812,18
22545,18
22518,18
22453,18
22375,18
22167,18
21656,18
21643,18
21466,18
21437,18
21422,18
21176,18
21035,18
21016,18
21000,18
20948,18
20822,18
20803,18
20707,18
20637,18
20381,18
20307,18
20105,18
19841,18
19819,18
19710,18
375834,19
375459,19
374757,19
374282,19
374248,19
373794,19
373664,19
373385,19
373279,19
373116,19
373112,19
372538,19
372308,19
371875,19
371864,19
371572,19
371130,19
370976,19
370714,19
370635,19
370461,19
370025,19
370023,19
369715,19
369652,19
369563,19
369499,19
369485,19
369463,19
369376,19
369177,19
368201,19
368190,19
368072,19
367945,19
367299,19
367029,19
366266,19
365937,19
365448,19
365177,19
364938,19
363871,19
363769,19
363670,19
363333,19
363323,19
363157,19
363073,19
362485,19
362419,19
362373,19
361802,19
361410,19
361230,19
361219,19
361073,19
360917,19
360850,19
360770,19
360743,19
360531,19
360472,19
360275,19
360210,19
359969,19
359634,19
359585,19
359452,19
358960,19
358923,19
358171,19
358137,19
358126,19
358072,19
357928,19
357340,19
357191,19
357054,19
356961,19
356913,19
356893,19
356728,19
356067,19
356045,19
356034,19
356006,19
355496,19
355367,19
355233,19
355017,19
354444,19
354156,19
353966,19
353889,19
353706,19
353612,19
353349,19
351066,19
350979,19
350222,19
350122,19
350081,19
349689,19
349101,19
349001,19
347930,19
347813,19
347807,19
347788,19
347670,19
347525,19
347382,19
347318,19
347235,19
347009,19
346888,19
346690,19
346628,19
346612,19
346387,19
345446,19
345294,19
345074,19
344998,19
344860,19
344115,19
343949,19
343830,19
343562,19
343263,19
343155,19
343107,19
342509,19
342508,19
342080,19
341812,19
341530,19
341246,19
340711,19
340626,19
340461,19
339938,19
339920,19
339659,19
339325,19
339037,19
338911,19
338825,19
338770,19
338715,19
338679,19
338409,19
338389,19
337831,19
337745,19
337584,19
337560,19
337208,19
332237,19
332126,19
331931,19
331844,19
331810,19
331754,19
330173,19
330127,19
329878,19
329745,19
329597,19
329245,19
329058,19
329052,19
329030,19
328687,19
328654,19
328460,19
327929,19
327597,19
327513,19
326690,19
326150,19
326101,19
325844,19
325636,19
325334,19
324829,19
324814,19
323326,19
322632,19
321821,19
321778,19
321232,19
320848,19
320415,19
320357,19
319951,19
319813,19
319224,19
319096,19
318697,19
318498,19
318301,19
318215,19
317990,19
317208,19
317093,19
316637,19
316411,19
315507,19
315480,19
314423,19
312941,19
312334,19
311911,19
311518,19
311493,19
311480,19
311332,19
311256,19
311253,19
311232,19
311207,19
311205,19
311201,19
311018,19
310419,19
309808,19
309788,19
309408,19
309152,19
308851,19
307391,19
307141,19
307112,19
306468,19
306463,19
305685,19
305611,19
305543,19
305182,19
305172,19
304946,19
304902,19
304898,19
304510,19
304219,19
304081,19
303998,19
303154,19
302293,19
302226,19
302213,19
302201,19
302018,19
301614,19
301022,19
300412,19
299327,19
299201,19
298712,19
297885,19
297182,19
297175,19
297100,19
296820,19
296635,19
296318,19
295974,19
295016,19
294867,19
293673,19
293441,19
292441,19
291815,19
289673,19
289573,19
289525,19
289126,19
289111,19
289103,19
288969,19
288915,19
288860,19
288756,19
288710,19
288662,19
288502,19
288495,19
288431,19
288430,19
288427,19
288327,19
288303,19
288052,19
287954,19
287932,19
287245,19
286079,19
284481,19
284275,19
284265,19
283966,19
283834,19
283645,19
283569,19
283532,19
283312,19
282864,19
282743,19
282488,19
282345,19
282194,19
282129,19
282094,19
281660,19
281617,19
280818,19
280636,19
280050,19
280016,19
279322,19
279100,19
278610,19
278536,19
278363,19
278071,19
277731,19
277594,19
276211,19
275566,19
275128,19
275058,19
274959,19
274889,19
273844,19
272576,19
272546,19
272224,19
272075,19
271883,19
271788,19
271591,19
270675,19
269688,19
269368,19
268457,19
267648,19
267424,19
267321,19
265827,19
263243,19
263218,19
263178,19
262464,19
261779,19
258675,19
258492,19
258104,19
257358,19
257240,19
256496,19
255395,19
255388,19
254675,19
254587,19
254486,19
254479,19
253060,19
252514,19
252484,19
252266,19
252180,19
251163,19
247393,19
247195,19
245948,19
245093,19
244425,19
243647,19
242929,19
242627,19
242603,19
242379,19
241034,19
240433,19
240420,19
240376,19
239777,19
239282,19
238506,19
238037,19
237684,19
237171,19
232830,19
232139,19
230623,19
230429,19
228558,19
228210,19
226112,19
226025,19
225326,19
224273,19
223558,19
223345,19
221426,19
220966,19
220575,19
220571,19
219563,19
219149,19
215624,19
215097,19
214821,19
213987,19
213858,19
211469,19
211424,19
211399,19
211350,19
209919,19
209844,19
209718,19
209555,19
208780,19
207690,19
207426,19
207033,19
206816,19
206782,19
206275,19
205674,19
205284,19
204577,19
204414,19
201915,19
201200,19
200082,19
199456,19
199236,19
198998,19
197082,19
194448,19
194198,19
193751,19
193093,19
192951,19
192861,19
190839,19
190278,19
190207,19
190152,19
188431,19
186253,19
186019,19
183287,19
183103,19
182025,19
181762,19
181227,19
181126,19
180906,19
180566,19
180324,19
177114,19
175493,19
174845,19
174822,19
173732,19
172634,19
172502,19
172337,19
171763,19
171082,19
170923,19
170422,19
170329,19
169938,19
169901,19
169735,19
169646,19
169086,19
168342,19
168333,19
167291,19
167058,19
166330,19
165513,19
164908,19
156618,19
156441,19
156378,19
155151,19
154945,19
154851,19
154360,19
152610,19
152050,19
151319,19
150543,19
149899,19
149756,19
148737,19
148471,19
148141,19
147792,19
146703,19
146615,19
146580,19
145689,19
145603,19
145567,19
144287,19
144159,19
143459,19
143264,19
141006,19
140293,19
140253,19
139614,19
138910,19
138703,19
138398,19
138114,19
136665,19
136341,19
129971,19
129408,19
128278,19
127917,19
110161,19
109308,19
107884,19
106653,19
83872,19
83671,19
83336,19
82861,19
82567,19
82417,19
81534,19
81261,19
80869,19
80709,19
79565,19
79498,19
78347,19
75030,19
74895,19
73586,19
72084,19
71794,19
71575,19
71429,19
70973,19
70362,19
69467,19
69008,19
58694,19
58559,19
53050,19
29558,19
29489,19
29371,19
29364,19
29265,19
29098,19
29063,19
28963,19
28797,19
28795,19
28730,19
28665,19
28656,19
28420,19
28294,19
28054,19
27980,19
27852,19
27606,19
27596,19
27552,19
27470,19
27446,19
27429,19
27411,19
27351,19
27250,19
27181,19
26999,19
26863,19
26856,19
26821,19
26808,19
26783,19
26746,19
26526,19
26436,19
26432,19
26086,19
25632,19
25606,19
25526,19
25156,19
24872,19
24825,19
24678,19
24606,19
24415,19
24221,19
23785,19
23759,19
23722,19
23646,19
23639,19
23401,19
23350,19
23059,19
22890,19
22579,19
22511,19
21943,19
21537,19
21492,19
21463,19
21427,19
21410,19
21408,19
21355,19
21179,19
21069,19
21022,19
21018,19
20988,19
20957,19
20918,19
20910,19
20838,19
20503,19
20315,19
20045,19
19997,19
